NOME;IDADE;ENDEREÃ‡O;SEXO;EMAIL;
qMHHOwoAaYECgB;49;Rua NIbCtFYJpZtRJg;?;yMEpqGsegWXw@4linux.com;
TFeiNzjMuAfyYHksx;39;Rua AEhMBiFAuGgSAiuIyx;?;BEjDyrdxPJoniHIDFgZ@4linux.com;
EguHnoFTrUAuUUoery;37;Rua LgktJSYDjo;?;QzqgJRboorIzKjKp@4linux.com;
FDLtOesbqzdqzGe;47;Rua qVLKGbVYOPRNTdrRYA;F;MakWfrgesmuBb@4linux.com;
RyfOocoNhyuEDSN;50;Rua kvvnDojQEMsHMXzc;M;ggQNSQvIOmDqZj@4linux.com;
GAXCbICkOjzNZxU;31;Rua yIParNvhlayIcGup;?;ClNJyJMhNfmTvyQxxYvQ@4linux.com;
wvaTNhfqPOlnt;29;Rua bGCVdBFXSzcVBeLvKYUZ;F;EwTJHbRTCrfYF@4linux.com;
qhDBAYlbwaSMar;27;Rua hVYSkEHTmaBIJG;M;AwDWEkwtZcGgaHlsaW@4linux.com;
fAZzfzvEySnSei;44;Rua cSdMqmMvebnTd;M;wrzgKwORTAnliywEq@4linux.com;
HJBLhUuMHeAogrtbeq;47;Rua IhyoOwKTUCQlBvDuVVYS;F;akKkICosKJbUdVcLTCnQ@4linux.com;
vEeSluRuOmIJTFrgNA;35;Rua ZRfcRxPsJPO;?;wrCGKAsQRlWLKUSH@4linux.com;
JDZdCgzulyGWW;30;Rua HgtuwqKeMin;M;brPbOrQBWfIBikDA@4linux.com;
MoinSGxEySEgrb;36;Rua xoVGMdTrFKHboQRzFd;?;qolygpBXCKEeur@4linux.com;
XStrcVVPyieJJznYZ;49;Rua jeTpYoJAHnSeWAUWG;M;doKMuRYdKwolzgkq@4linux.com;
uWVZbFSfdE;30;Rua QQvsljaHXnhqjHlg;?;WpRAukMAAygh@4linux.com;
jgVjBVFVVKui;43;Rua ioMdZJPBgdMUzWsDg;?;SCUVGmVBRpREfAMIleo@4linux.com;
